,Image,Category,sub-category,Tittle,Details
1,,Dining,Dining Table,Rupestre,"This is a six-seater wooden dining table set, crafted from solid wood with a polished finish that highlights the natural grain patterns of the wood. The set includes a rectangular table and six matching chairs, each featuring a sturdy backrest with a rectangular cutout for added design and support. The style is modern yet classic, making it ideal for dining rooms with contemporary or traditional decor."
2,,Dining,Dining Table,Anemone,"This is a four-seater wooden dining table set, designed with a minimalist and modern aesthetic. The table has a square shape with clean, sturdy legs, while the chairs feature comfortable armrests and a slatted back design, complemented by cushioned seats for added comfort. The natural wood finish enhances its timeless appeal, making it ideal for compact dining spaces or outdoor settings."
3,,Dining,Dining Table,Primula ,"Bennova is a modern 6-seater dining set featuring a rectangular table, four cushioned chairs, and a matching bench. Crafted from premium wood with a rich natural finish, it combines comfort and style, making it ideal for both family meals and gatherings."
4,,Dining,Dining Table,Helodes,"A sleek and durable wooden dining set featuring a rectangular table and four matching chairs with slatted backrests. Designed with a rich brown finish, this set is perfect for modern and traditional dining spaces."
5,,Dining,Dining Table,Snowbell,"A stylish six-seater dining set featuring a smooth wooden table with rounded edges and six cushioned chairs with fabric upholstery. The light wood finish and minimalist design make it a perfect choice for contemporary dining spaces."
6,,Dining,Dining Table,Cowslip,"A sleek and modern four-seater dining set featuring a smooth wooden table with a stylish geometric base and ergonomically designed chairs with cushioned seats and wooden armrests. Perfect for contemporary dining spaces."
7,,Dining,Dining Table,Sunflower,"A stylish square dining set with a smooth tabletop and four cushioned chairs that tuck in neatly. The grey upholstered chairs provide comfort and elegance, complementing modern interiors. Ideal for compact spaces, offering both functionality and aesthetic appeal."
8,,Dining,Dining Table,"
Millennial","A sophisticated rectangular dining table with a sleek dark surface, complemented by four stylish grey upholstered chairs. The chairs feature a contemporary wooden frame design, blending comfort and aesthetics. Perfect for upscale dining spaces with a modern touch."
9,,Dining,Dining Table,Florulenta,"A stunning rectangular dining table with a marble-finish top and elegant gold accents. Paired with six quilted two-tone chairs in rich brown and cream, offering both style and comfort. Perfect for adding a touch of sophistication to any dining space."
10,,Dining,Dining Table,Peony Italian,"A timeless rectangular dining table with a clear glass top over a beautifully carved wooden frame. Paired with six elegantly upholstered chairs featuring intricate wood detailing and soft grey cushions. Perfect for adding a touch of vintage charm to any dining space."
11,,Dining,Dining Table,Arum Lilies,"A luxurious round dining table with a marble top and a rotating centerpiece for convenience. Paired with four high-back tufted chairs upholstered in rich beige fabric with wooden accents. Perfect for adding sophistication and functionality to any dining area."
12,,Study,Study Table,"Plumeria
","This is a Lockies Sheesham wood study table featuring a natural wood finish, a spacious rectangular top, and a two-drawer storage unit with intricate Jali work detailing. It offers a blend of functionality and traditional aesthetics for a study or home office space."
13,,BedRoom,Bed Cots,Elisabethae,"This is a wooden platform bed with a minimalist design, featuring a low-profile rectangular headboard and a matching side table. The bed is dark-finished and includes a light-colored mattress with a striped blanket, complemented by a neutral-toned rug."
14,,BedRoom,Bed Cots,Florescence,"This is a dark wood panel bed featuring an oversized, multi-tiered headboard with open shelving on the sides and a two-tone design. The accompanying bedroom furniture includes a matching wardrobe and a small side table, enhancing the room's storage and functionality."
15,,BedRoom,Bed Cots,Jonopsidium savianum,"This is a dark wood storage bed with a panel headboard featuring built-in shelving units on each side, offering convenient bedside storage. The room also includes a matching tall bookshelf with open shelving, enhancing the functionality and storage capacity of the space."
16,,BedRoom,Bed Cots,Petals,"This is a dark wood panel bed with a beige cushioned headboard featuring tufting details and built-in shelving on the sides. The room also showcases a matching wardrobe with sliding doors in a combination of dark wood and beige panels, creating a cohesive look."
17,,BedRoom,Bed Cots,Stigma,"This is a dark wood, low-profile platform bed with a paneled headboard featuring metallic horizontal stripes, creating a modern, minimalist design. The room also includes a matching two-tone wardrobe with contrasting white doors, enhancing storage and style."
18,,BedRoom,Bed Cots,Orchid,"This is a modern platform bed with a two-tone, white and wood headboard featuring built-in side tables and a low-profile, dark wood frame. The room also includes a matching wardrobe with contrasting white doors, complementing the bed's aesthetic."
19,,BedRoom,Bed Cots,Rose,"This is a dark wood platform bed with a white, cushioned headboard featuring patterned, wood-trimmed side panels. The room includes matching bedside tables and is decorated with two framed abstract art pieces, enhancing the modern design."
20,,BedRoom,Bed Cots,Violet,"This is a dark wood, single-sized bed featuring a panel headboard with built-in shelving, ideal for storage and display. The room is decorated with a round jute rug, a small side table with a vase, and a framed abstract art piece, creating a cozy and organized space."
21,,BedRoom,Bed Room Tables,Gilly,"This is a modern bedside table with a two-tone design, featuring a dark wood frame and a contrasting white drawer with a silver knob. It offers both closed storage in the drawer and open storage below, and is topped with a neutral-toned lamp."
22,,BedRoom,Bed Room Tables,Daisy,"This is a modern bedside table with a two-tone design, featuring a dark wood frame and a contrasting white drawer with a silver knob. It offers both closed storage in the drawer and open storage below, and is topped with a neutral-toned lamp."
23,,BedRoom,Bed Room Tables,Cyclamen,"This is a modern bedside table with a two-tone design, featuring a dark wood frame and a contrasting white drawer with a silver knob. It offers both closed storage in the drawer and open storage below, and is topped with a neutral-toned lamp."
24,,Storage,Wardrobes,Hortensia,"This is a dark wood wardrobe with sliding doors, featuring a combination of open shelving and closed compartments for organized storage. The wardrobe includes hanging rods, stacked shelves with colorful piles of clothing, and a small lockable drawer."
25,,Storage,Wardrobes,Heather,"This is a modern, dark wood wardrobe with three doors, featuring a contrasting white center panel and sleek silver handles. It offers ample storage and includes a small framed picture, a potted plant, and a woven basket nearby, suggesting a well-organized space."
26,,Storage,Wardrobes,Lavender,"This is a tall, narrow, two-door wardrobe with a dark wood finish and simple silver handles, offering a classic design for bedroom storage. It's positioned next to a smaller shelving unit and a framed picture, suggesting a coordinated and functional bedroom setup."
27,,Storage,Wardrobes,Edelweiss,"This is a traditional, dark wood, three-door wardrobe with simple silver handles, offering ample storage for a bedroom. The wardrobe features a classic design with a top panel and is positioned in a room with a light-colored wall and a hanging plant, suggesting a neat and organized space."
28,,Storage,Wardrobes,Wisteria,"This is a modern two-door wardrobe featuring a dark wood frame contrasting with white panels, providing a clean, contemporary look. It offers closed storage and is complemented by framed artwork, a potted plant, and hanging clothes nearby, suggesting a well-organized and stylish space."
29,,Storage,Wardrobes,Cornflower,"This is a two-tone wardrobe with a dark wood frame and contrasting white doors, featuring a large circular knob on one door and a smaller knob on the other. It offers a blend of modern design and functionality, suitable for a contemporary bedroom."
30,,living,Coffee Tables,Poppy,"This is a modern, two-tiered coffee table with a unique asymmetrical design, featuring a dark wood finish and contrasting white surfaces. It offers both open display space and storage, with a lower shelf for books or decor, ideal for a contemporary living room."
31,,living,Coffee Tables,Marigold,"This is a rectangular coffee table with a dark wood finish and a contrasting white, recessed tabletop surface, offering a modern and functional design. It features an open shelf below for storage or display, complemented by a patterned rug and a grey sofa in the background."
32,,living,Coffee Tables,Hyacinth,"This is a dark wood, rectangular coffee table with a classic design, featuring a slightly raised top and multiple tiers of shelving below. The open shelves offer ample space for storage or display, making it a functional centerpiece for a living room."
33,,living,Coffee Tables,Hibiscus,"This is a modern, two-tiered coffee table featuring a dark wood finish and a contrasting white surface on the lower level, offering a contemporary look and practical storage solutions with its open shelf design. It is styled with decorative items such as magazines, a small plant, and remote controls, suggesting a functional and organized living space."
34,,Storage,Book Shelves,Rhododendron,"This is a tall, five-tiered corner bookshelf with a dark wood finish, designed to fit snugly into a room's corner, maximizing space utilization. The shelves are progressively smaller from bottom to top, offering a visually appealing display for books, decorative items, and plants."
35,,Storage,Book Shelves,Geranium,"This is a tall, rotating bookshelf with a dark wood finish, featuring multiple narrow shelves ideal for storing and displaying books or other items in a compact space. Its rotating design allows easy access to all sides and maximizes storage in a minimal footprint."
36,,BedRoom,Head Boards,Hawthorn,"This is a contemporary bed with a low-profile, dark-finished frame and a tufted, light gray headboard. The clean lines and neutral tones offer a modern aesthetic suitable for various bedroom styles."
37,,BedRoom,Head Boards,Carnation,"This is a modern platform bed featuring a dark-brown, paneled headboard with built-in shelving on the sides. The warm color and functional design offer a blend of style and practicality, perfect for a contemporary bedroom."
38,,BedRoom,Head Boards,Crocus,"This is a modern platform bed with a low-profile, dark-finished frame and a rectangular, gray fabric headboard featuring panel stitching. The clean lines and neutral tones offer a contemporary style suitable for a variety of bedroom decors."
39,,BedRoom,Bed Cots,Mulberry,"This is a modern, dark-finished platform bed featuring a paneled headboard with square cut-out details. The low-profile design and clean lines offer a contemporary aesthetic suitable for a variety of bedroom styles."
40,,BedRoom,Bed Cots,Valerian,"This is a classic, wood-framed bed with a rectangular headboard featuring simple, recessed paneling. The warm, medium-toned wood finish and traditional design offer a timeless aesthetic suitable for a variety of bedroom styles."
41,,BedRoom,Bed Cots,Daisy,"This is a modern, dark wood bed with a paneled headboard and matching footboard, both featuring square cut-out details. The rich, dark finish and contemporary design create a stylish focal point for a well-coordinated bedroom."
42,,BedRoom,Bed Cots,Agatea,"This is a contemporary, dark wood bed with a low-profile platform and a geometrically paneled headboard and footboard. The rich, dark finish and modern design offer a stylish and cohesive look for a modern bedroom."
43,,BedRoom,Bed Cots,Ivy,"This is a modern, dark wood bed with a prominent, geometrically paneled headboard and matching footboard, creating a cohesive, contemporary look. The rich wood finish and clean lines offer a stylish focal point for a well-coordinated bedroom."
44,,BedRoom,Bed Cots,Periwinkle,"This is a modern, dark wood storage bed featuring a padded, diamond-tufted headboard in a deep burgundy or mauve hue. The rich wood grain and functional design offer both style and practicality for a contemporary bedroom."
45,,BedRoom,Bed Cots,Honeysuckle,"This is a classic, dark wood bed frame featuring a simple, slatted headboard and a low-profile design. The warm, rich wood finish and timeless style offer a versatile aesthetic suitable for a variety of bedroom decors."
46,,BedRoom,Bed Room Tables,Verbena,"This is a dark wood, two-tiered side table featuring a small drawer and an open shelf, showcasing a collection of books and decorative items. The rich wood finish and functional design offer a classic accent suitable for a variety of interior styles."
47,,BedRoom,Bed Room Tables,Love-in-a-mist,"This is a dark wood, two-tiered side table featuring a small drawer and an open shelf, displaying books and topped with a modern lamp. The rich wood finish and functional design offer a classic accent suitable for a variety of interior styles."
48,,Storage,Wardrobes,Dandelion,"This is a tall, dark-finished wardrobe with a simple, utilitarian design, featuring two doors and a small ventilation grille at the top. Its minimalist aesthetic and functionality make it suitable for a variety of spaces, especially where storage is needed."
49,,Storage,Wardrobes,Pollen,"This is a classic, dark wood three-door wardrobe featuring a traditional design with panel detailing and a decorative top trim. The ample storage space and elegant styling make it a functional and attractive addition to a bedroom."
50,,Storage,Dressing Table,Xylem,"This is a contemporary, dark-finished dressing table with a tall, rectangular mirror and built-in shelving on one side. The clean lines and minimalist design offer a modern aesthetic suitable for a variety of bedroom styles."
51,,Storage,Dressing Table,Lantana,"This is a sleek, modern dressing table in a dark finish, featuring a tall rectangular mirror and built-in shelving on the side for storage. The minimalist design and clean lines make it a functional and stylish addition to a contemporary space."
52,,Living,Sofa Cum Bed,Snowdrop,"This is a contemporary sofa cum bed featuring a dark-finished base and a light-colored, cushioned top that can be easily converted into a bed. The clean lines and bi-tone design offer a modern aesthetic suitable for multi-functional spaces."
53,,Living,Coffee Tables,Rapunculus,"This is a modern, dark wood coffee table featuring a rectangular glass top and a lower shelf for storage or display. The clean lines and mixed materials offer a contemporary aesthetic suitable for a variety of living room styles."
54,,Living,Coffee Tables,Hollyhocks,"This is a modern, dark wood coffee table featuring a rectangular glass top and a lower shelf for storage or display. The clean lines and mixed materials offer a contemporary aesthetic suitable for a variety of living room styles."
55,,Living,Sofa Cum Bed,Sansevieria,"This is a contemporary sofa cum bed featuring a dark-finished base and a light-colored, cushioned top that can be easily converted into a bed. The clean lines and bi-tone design offer a modern aesthetic suitable for multi-functional spaces."
56,,Storage,Book Shelves,Saffron ,"This is a modern, asymmetrical bookshelf crafted from warm-toned wood, featuring a unique, staggered design with open cubby-like shelves. The varying shelf heights and depths offer versatile storage and display options for books, decorative objects, and plants."
57,,Storage,Book Shelves,Snapdragon,"This is a tall, dark-finished bookcase featuring a combination of open shelving with glass doors on the top section and closed storage with solid doors below. The design offers a mix of display space and concealed storage, making it a functional and stylish piece for a variety of rooms."
58,,Storage,Book Shelves,Buttercup,"This is a tall, dark-finished bookcase featuring three glass-paneled doors on the upper section, revealing multiple shelves, and three solid doors with drawers below. The combination of open display space and closed storage makes it a versatile and elegant piece for a variety of rooms."
59,,Office,Work Station Tables,Crown ,"This is a simple, dark-finished work table featuring a rectangular top, a small side drawer, and an open leg design. The minimalist aesthetic and compact size make it suitable for a variety of spaces, especially home offices or study areas."
60,,Office,Work Station Tables,Pimpernel,"This is a dark wood work table featuring a spacious rectangular top, a small side drawer, and an attached cabinet with a door and key lock. The functional design and ample storage make it suitable for a home office or study area."
61,,Office,Work Station Tables,Basil,"This is a compact, dark wood work table featuring a simple rectangular surface, a small drawer, and an open compartment below. Its minimalist design and modest size make it ideal for small spaces or as a secondary work surface."
62,,Office,Work Station Tables,Bumblebee orchid,"This is a dark-finished rectangular work table featuring a simple design with straight legs, a spacious top, and a small cabinet with a door on one side. The clean lines and functional storage make it suitable for a variety of home office or study spaces."
63,,Office,Work Station Tables,Madder,"This is a dark wood work table featuring an elevated, hutch-like design with open shelving and a spacious work surface, accompanied by a matching tall, closed-door cabinet for added storage. The combination of display space and concealed storage makes it a functional and stylish option for a home office or study."
64,,Study,Study Table,Chocolate cosmos,"This is a modern study table featuring a two-tone design with a dark-finished top and white drawers, offering a visually appealing contrast. The compact size and functional design with drawers make it suitable for smaller spaces or as a secondary work surface."
65,,Study,Study Table,Datura,"This is a dark wood study table featuring an elevated hutch-like design with open shelving and a spacious work surface, accompanied by a matching tall, closed-door cabinet for added storage. The combination of display space and concealed storage makes it a functional and stylish option for a home office or study."
66,,Study,Study Table,Flamingo,"This is a modern study table featuring a two-tone design with a dark wood top and a contrasting white, open shelving unit on one side. The compact size and functional design make it suitable for smaller spaces or as a secondary work surface."
67,,Storage,Tv Units,Kangaroo,"This is a modern, low-profile TV unit featuring a two-tone design with a dark wood main body and contrasting white accents. The unit offers a mix of open shelving and closed storage, along with a spacious top suitable for a large television."
68,,Storage,Tv Units,Parrot flower,"This is a modern, asymmetrical TV unit featuring a dark wood finish and contrasting white accents, with open shelving for media devices and decorative items. The low-profile design and unique shape offer a contemporary look suitable for a variety of living room styles."
69,,Storage,Tv Units,Lisianthus,"This is a modern entertainment center featuring a dark wood finish with contrasting white drawer fronts and a tall, asymmetrical shelving unit on one side. The combination of closed storage, open shelving, and display space makes it a functional and stylish focal point for a living room."
70,,Storage,Shoe Rack,Uniflora,"This is a compact, two-tone shoe rack featuring a dark wood finish and a contrasting white drawer on top, with a small cabinet below offering tiered storage for footwear. The functional design and modest size make it suitable for entryways or small spaces."
71,,Storage,Shoe Rack,Venus,This is a dark wood shoe rack featuring open shelving on the top tier for easy access and a closed cabinet below with double doors for concealed storage. The combination of open and closed storage solutions offers both convenience and a tidy appearance.
72,,Storage,Shoe Rack,Umbrella,"This is a modern shoe rack bench featuring a two-tone design with a dark wood base, a white cabinet door, and a cushioned seat on top. The combination of closed storage and a comfortable seating area makes it a functional and stylish addition to an entryway or mudroom."
73,,Living,sofas,Adonis,"Sleek, modern two-seater loveseat in soft light grey fabric with unique armrests and contrasting piping. Compact and comfortable, perfect for smaller spaces seeking contemporary style."
74,,Living,sofas,Daffodil,"Stylish mid-century modern blue sofa with tufted cushions and patterned pillows, offering both comfort and a vibrant pop of color to your living space."
75,,Living,sofas,Water lily,"Cheerful mustard yellow loveseat with a modern design, offering both style and comfort with plush cushions and a cozy two-seater size"
76,,Living,sofas,Jasmine,"Vibrant turquoise loveseat with plush cushions and colorful patterned pillows, offering both modern style and comfortable relaxation."
77,,Living,sofas,Amaranthus,"Versatile light grey sofa with plush cushions and button-tufting, offering both comfortable seating and a clean, modern design for any living room."
78,,Living,sofas,Magnolia,"Modern blue-grey sofa with plush cushions, matching pillows, and light wood legs, offering both style and comfort for contemporary living."
79,,Living,sofas,Tulip,"Glamorous, shell-backed dusty rose velvet loveseat with elegant gold legs, offering both luxurious comfort and a touch of vintage Hollywood style."
80,,Living,sofas,Bethlehem,"Elegant, channel-tufted beige loveseat with clean lines and plush cushions, offering both sophisticated style and comfortable seating for modern living."
81,,Living,sofas,laceleaf,"Sculptural, modern green loveseat/chair with a unique organic form and textured upholstery, offering both artistic flair and comfortable style."
82,,Living,sofas,Alyssum,"Luxurious beige sofa with elegant gold accents, plush cushions, and detailed quilting, offering both opulent style and comfortable relaxation."
83,,Living,sofas,Mimosa,"Chic mustard yellow sofa with plush cushions and sleek metal legs, offering both vibrant contemporary style and comfortable relaxation."
84,,Living,sofas,Valley,"Elegant dark grey sofa with classic button-tufting, plush cushions, decorative pillows, and a warm wood base, offering both timeless style and luxurious comfort."
85,,Living,sofas,Mallow,"Luxurious blue velvet loveseat with classic button-tufting and elegant gold legs, offering both glamorous style and sumptuous comfort."
86,,Living,sofas,Acropolis,"Elegant light grey sofa with channel tufting, gold trim, and stylish accent pillows, offering both sophisticated glamour and modern comfort."
87,,Living,sofas,Foxglove,"Plush beige sofa with stylish accent pillows, offering both comfort and a versatile design that complements any living space."
88,,Living,sofas,Camellia,"Classic brown Leatherette loveseat with plush cushions and a timeless design, offering both warmth, sophistication, and comfortable support for any living space."
89,,Living,sofas,Fuchsia,"Sleek white Leatherette loveseat with plush cushioning and a modern design, offering both contemporary elegance and comfortable support for any living space."
90,,Living,sofas,Speedwell,"Elegant, deep blue Leatherette Chesterfield sofa with button-tufting and rolled arms, offering both timeless sophistication and luxurious comfort."
91,,Living,sofas,Apple blossom,"Luxurious beige sofa with elegant button-tufting, gold accents, and plush decorative pillows, offering both opulent style and comfortable relaxation"
92,,Living,sofas,Eschscholzia,"Modern olive green loveseat with stylish channel tufting, curved armrests with metal details, and plush cushions, offering both contemporary elegance and comfortable relaxation."
93,,Living,sofas,Freesia,"Classic brown sofa with plush cushions, supportive armrests, and stylish throw pillows, offering both timeless style and comfortable relaxation for any living room."
94,,Living,sofas,Amaryllis,"Modern teal Leatherette reclining sofa with a chaise lounge and adjustable headrests, offering both style and ultimate comfort for contemporary living."
95,,Living,sofas,Forsythia,"Modern light blue Leatherette reclining sofa with adjustable headrests and a chaise lounge, offering both style and ultimate comfort for contemporary living."
96,,Living,sofas,Christmas holly,"Modern beige reclining sofa with adjustable headrests and a chaise, offering both sleek contemporary style and ultimate relaxation for your living space."
97,,Living,sofas,Mistletoe,"Modern light blue sectional sofa with a chaise lounge and plush cushions, offering both style and customizable comfort for a relaxing and stylish living space."
98,,Living,sofas,Aloe,"Modern blue sectional sofa with adjustable headrests and a modular design, offering both sophisticated style and customizable comfort for your living space."
99,,Living,sofas,,"Rich brown Leatherette sectional sofa with plush cushioning, a built-in corner table, and a classic design, offering both style and functionality for your living space."
100,,Living,sofas,Dahlia,"Soft tan sectional sofa with plush cushioning, a built-in corner table with storage, and a classic design, offering both style and functionality for your living space."
101,,Living,sofas,Azalea,"Stylish blue sofa with a modern design and hidden storage in the chaise lounge, offering both comfort and practicality for a clutter-free living room."
102,,Living,sofas,Lotus,"Versatile grey sofa bed with a sleek design, easily converting from a comfortable sofa to a relaxing bed, perfect for small spaces and accommodating guests."
103,,Living,Sofa Cum Bed,Lychee,"Versatile green sofa with a sleek design, easily converting into a comfortable bed, offering both style and practical sleeping space for guests or relaxation."
104,,Living,Recliners ,Celosia,"Plush beige recliner offering ultimate comfort and adjustable reclining positions, perfect for unwinding, reading, or relaxing in style."
105,,Living,Recliners ,Angelica,"Modern light grey recliner with plush cushioning and an easy-to-use reclining mechanism, offering both contemporary style and comfortable relaxation for your living space."
106,,Living,Recliners ,Gentian,"Classic maroon Leatherette recliner with plush cushioning and an easy-to-use reclining mechanism, offering both traditional comfort and stylish relaxation."
107,,Living,Recliners ,Hebe,"Plush tan recliner offering exceptional comfort and versatile style, perfect for unwinding, reading, or relaxing in your preferred position."
108,,Living,Recliners ,Gladiolus,"Modern light gray recliner with plush cushioning and an easy-to-use reclining mechanism, offering both contemporary style and comfortable relaxation for your living space."
109,,Living,Recliners ,Aconite,"Modern blue-grey recliner with plush cushioning and an easy-to-use reclining mechanism, offering both contemporary style and comfortable relaxation for your living space."
110,,Living,sofas,Mangosteen,"Modern grey Leatherette sectional with adjustable headrests, plush cushioning, and a chaise lounge, offering both sophisticated style and ultimate comfort for your living space."
111,,Living,sofas,Goldenrod,"Modern grey sectional sofa with adjustable headrests, plush cushioning, and a chaise lounge, offering both contemporary style and customizable comfort for your living space."
112,,Living,Recliners ,Daphne ,"Classic brown Leatherette reclining loveseat with plush cushioning, offering both style and shared comfort for relaxing or enjoying entertainment."
113,,Living,Recliners ,Acacia,"Tan reclining loveseat with plush cushioning and a convenient center console with storage and cup holders, offering both comfort and functionality for shared relaxation."
114,,Living,Recliners ,Lilac,"Modern light grey reclining loveseat with plush cushioning and independently reclining seats, offering both contemporary style and shared comfortable relaxation for your living space."
115,,Living,Recliners ,Eremurus,"Modern brown Leatherette reclining sofa with plush cushioning, offering both contemporary style and ultimate comfort for relaxing or entertaining."
116,,Living,Recliners ,Iris,"Modern blue Leatherette reclining sofa with plush cushioning, offering both contemporary style and ultimate comfort for relaxing or entertaining."
117,,Living,Recliners ,Guzmania,"Modern light grey reclining sofa with plush cushioning, offering both contemporary style and ultimate comfort for relaxing or entertaining."
118,,Living,Recliners ,Chrysanthemum,"Modern tan reclining sectional with plush cushioning, adjustable headrests, and convenient reclining seats, offering both style and customizable comfort for ultimate relaxation."
119,,Living,Recliners ,Alchemilla,"Modern red Leatherette sectional sofa with plush cushioning, adjustable headrests, and a chaise lounge, offering both bold style and ultimate comfort for contemporary living."
120,,Living,Recliners ,Petunia,"Brown Leatherette reclining sectional with plush cushioning, cup holders, and a chaise lounge, offering both comfort and functionality for relaxing or entertaining in your living room."
121,,BedRoom,Head Boards,Agapanthus,"Elegant beige bed with a stylish channel-tufted headboard, offering both sophisticated design and comfortable support for a restful and stylish sleep."
122,,BedRoom,Head Boards,Elder,"Striking upholstered bed with a contrasting black frame, offering both a bold contemporary style and a soft, inviting comfort for a restful and elegant sleep."
123,,BedRoom,Head Boards,Columbine,"Elegant tufted daybed with a classic design, offering both stylish seating and a comfortable sleeping space for versatile functionality in any living room or guest room."
124,,BedRoom,Head Boards,Durian,"Elegant bed with a unique scalloped headboard and footboard, combining vintage charm and refined sophistication for a restful and stylish sleep."
125,,BedRoom,Head Boards,Allium,"Elegant beige upholstered bed with a gently curved, nailhead-trimmed headboard, offering both classic sophistication and comfortable support for a restful and stylish sleep."
126,,BedRoom,Head Boards,Hellebore,"Elegant bed with a sophisticated tufted headboard, offering both classic charm and comfortable support for a restful and stylish sleep."
127,,BedRoom,Head Boards,Asphodel,"Luxurious blue bed with a deep button-tufted headboard, offering both sophisticated style and comfortable support for a restful and opulent sleep."
128,,BedRoom,Head Boards,Helenium,"Stylish bed with built-in storage drawers, offering both a contemporary design and practical functionality for a clutter-free and organized bedroom."
129,,BedRoom,Head Boards,Candytuft,"Elegant bed with a sophisticated tufted headboard, offering both classic charm and comfortable support for a restful and stylish sleep."
130,,Living,chairs ,Abutilon,"Bright yellow velvet accent chair with a modern design, plush upholstery, and sleek gold-capped legs, offering both style and comfort for any living space."
131,,Living,chairs ,Erigeron,"Luxurious swivel accent chair with gold metal accents and plush upholstery, offering both unique style and comfortable functionality for any living space."
132,,Living,chairs ,Orange blossom,"Chic black and white patterned accent chair with a modern silhouette and sleek metal legs, offering both style and comfort for any living space."
133,,Living,chairs ,Mandrake,"Classic blue wingback accent chair with tufting, nailhead trim, and a high back, offering both timeless elegance and comfortable support for any living space."
134,,Living,chairs ,Liverleaf,"Chic pink velvet accent chair with a unique, shell-shaped design, plush contoured seat, and sleek gold legs, offering both glamour and comfort for any living space."
135,,Living,chairs ,Narcissus,"Bright yellow velvet accent chair and ottoman with plush upholstery and sleek metal legs, offering both style and comfort for any living space."
136,,Living,chairs ,Pansy,"Sleek and modern gray accent chair with a unique, sculptural design, offering both contemporary elegance and comfortable support for any living space."
137,,Living,chairs ,Primrose,"Bright yellow velvet accent chair with a modern design, plush upholstery, and sleek legs, offering both style and comfort for any living space."
138,,Living,chairs ,Ranunculus,"Chic pink velvet accent chair with a modern design, plush upholstery, and sleek legs, offering both style and comfortable relaxation for any living space."
139,,Living,chairs ,Snowflake,"Chic white swivel accent chair with a unique textured design, plush rounded seat, and smooth swivel base, offering both modern elegance and comfortable functionality for any living space."
140,,Dining,Dining chairs,Wild daffodil,"Modern orange and gray dining chair with a sleek design, contoured back, and padded seat, offering both style and comfort for your dining space."
141,,Dining,Dining chairs,Winter aconite,"Elegant pink velvet dining chair with a modern design, contoured back, padded seat, and gold legs, offering both style and comfort for your dining space."
142,,Dining,Dining chairs,Winter rose,"Modern gray dining chair with a sleek design and comfortable cushioning, offering both contemporary style and versatile functionality for your dining space."
143,,Dining,Dining chairs,Adonis,"Elegant red dining chair with a classic tufted back design, offering both sophistication and comfortable support for memorable meals in your dining space."
144,,Dining,Dining chairs,Amber,"Classic brown dining chair with a supportive backrest and padded seat, upholstered in a durable material, offering both comfort and versatile style for your dining space"
145,,Dining,Dining chairs,Arnica,"Classic beige dining chair with a supportive backrest, padded seat, and nailhead trim, offering both timeless style and comfortable support for your dining space."
146,,Dining,Dining chairs,Bloomfell,"Elegant yellow dining chair with a sophisticated tufted back design and classic curved legs, offering both vintage charm and comfortable support for memorable meals in your dining space."
147,,Dining,Dining chairs,Bluebell,"Modern dining chair with a unique curved back, offering both stylish support and comfortable seating, making it a versatile addition to any dining space."
148,,Dining,Dining chairs,Burnet,"Elegant grey dining chair with a sophisticated tufted back design, offering both classic charm and comfortable support for memorable meals in your dining space."
149,,Dining,Dining chairs,Chamomile,"Elegant blue dining chair with a sophisticated tufted back design and nailhead trim, offering both classic charm and comfortable support for memorable meals in your dining space."
150,,Dining,Dining chairs,Cleaver,"Modern gray upholstered dining chair with armrests, offering both style and comfortable support, making it a versatile and elegant addition to any dining room."
151,,Dining,Dining chairs,Clover,"Modern gray velvet dining chair with a sleek design, comfortable cushioning, and a supportive backrest, offering both contemporary style and luxurious comfort for your dining space."
152,,Dining,Dining chairs,Corydalis,"Modern light gray dining chair with a sleek design and comfortable cushioning, offering both contemporary style and versatile functionality for your dining space."
153,,Dining,Dining chairs,Crowflower,"Elegant blue velvet dining chair with a modern design, contoured back, padded seat, and metal legs, offering both style and comfort for your dining space."
154,,Dining,Dining chairs,Field poppy,"Modern side chair with a sleek Leatherette seat, open back, and slim metal legs, offering both contemporary style and comfortable support for your kitchen or dining area."
155,,Dining,Dining chairs,Flax ,"Modern orange dining chair with a stylish diamond-stitched back, contoured seat, and sleek metal legs, offering both contemporary elegance and comfortable support for your dining space."
156,,Dining,Dining chairs,Honeyberry,"Chic modern dining chair with a unique rounded back and contrasting upholstery, offering both contemporary elegance and comfortable support, making it a versatile addition to any dining space."
157,,Dining,Dining chairs,Horsefoot,"Modern yellow dining chair with a sleek design, a unique cutout back, a padded seat, and metal legs, offering both contemporary style and comfortable support for your dining space."
158,,Living,pouffes,Knapweed,"Chic ribbed velvet ottoman with a modern design, plush cushioned top, and sleek silhouette, offering both style and comfort for any living space."
159,,Living,pouffes,Liverwort,"Chic white textured ottoman with a modern design, plush cushioned top, and minimalist base, offering both style and comfort for any living space."
160,,Living,pouffes,Malva,"Charming floral patterned ottoman with a plush top and a sleek gold base, offering both style and comfort for any living space."
161,,Living,pouffes,Meadowfoam,"Modern gray ottoman with a plush top and subtle gold trim, offering both style and comfort for any living space."
162,,Living,pouffes,Lime,"Luxurious blue velvet ottoman with a plush top and sleek gold legs, offering both style and comfort for any living space."
163,,Living,pouffes,Gooseberry,"Chic ribbed velvet ottoman with a modern design, plush cushioned top, and sleek silhouette, offering both style and comfort for any living space."
164,,Living,pouffes,Pippau,"Modern gray ottoman with a plush top and unique textured finish, offering both style and comfort for any living space."
165,,Living,pouffes,Scabious,"Modern pink ottoman with a plush top and unique textured finish, offering both style and comfort for any living space."
166,,Living,pouffes,Smallwort,"Chic black and white patterned ottoman with a modern design, plush cushioned top, and minimalist base, offering both style and comfort for any living space."
167,,Outdoor,Outdoor dining,olive,"A stylish outdoor gazebo with a sturdy metal frame and a transparent sloped roof, featuring wooden benches and a central rectangular table. Light, sheer curtains with brown accents add elegance and a cozy ambiance to the setting"
168,,Outdoor,Outdoor dining,Thistle,"This is a round outdoor gazebo set with a vibrant green canopy, supported by intricately designed metal frames for added elegance. The set includes a circular wooden table with an orange base and matching curved benches, complemented by small potted plants for a refreshing touch. Its stylish and functional design makes it perfect for garden gatherings or patio seating."
169,,Outdoor,Outdoor dining,Vipe,"An elegant hardwood gazebo featuring a double-tiered pagoda-style roof in rich brown, complete with built-in bench seating and a charming porch swing. The structure includes decorative lattice details and climbing vines, creating a perfect blend of functionality and outdoor aesthetics."
170,,Outdoor,Outdoor dining,Woodruff,"A charming circular outdoor pavilion with a rustic thatched roof and decorative metal frames, featuring built-in seating around a central table. It creates an inviting space perfect for al fresco dining or casual gatherings."
171,,Outdoor,Outdoor dining,Yarrow,"A contemporary outdoor gazebo with a two-tiered emerald green canopy and sleek black metal posts, featuring built-in wooden bench seating around a central table. Its hexagonal design blends modern style with functional outdoor comfort."
172,,Outdoor,Outdoor dining,African Daisy,"A charming outdoor pavilion featuring a distinctive double-tiered sky blue canopy with scalloped edges, supported by durable dark metal framework and equipped with integrated bench seating; this hexagonal design creates an inviting communal space perfect for casual dining or relaxation while providing essential shade and weather protection."
173,,Outdoor,Outdoor dining,Trumpet,"An elegant outdoor shelter showcasing a rustic thatched roof design atop a sturdy metal frame, complete with built-in perimeter bench seating in classic black; this traditional-style pavilion offers a natural, resort-like atmosphere perfect for outdoor gatherings while providing a comfortable and shaded space for dining or socializing."
174,,Outdoor,Outdoor dining,Chikoo,"This modern outdoor dining set features a striking lime green finish across all pieces, including a rectangular table, matching chairs, and a coordinating bench. The all-metal construction with slatted design provides both durability and style, while potted tropical plants surrounding the setup create an inviting garden dining atmosphere perfect for outdoor entertaining."
175,,Outdoor,Outdoor dining,Bougainvillea,"This intimate conversation set combines rich brown woven wicker with plush beige cushions, featuring two comfortable armchairs and a matching cubic side table. The compact design makes it ideal for small patios or balconies, while the durable all-weather construction ensures longevity in outdoor conditions."
176,,Outdoor,Outdoor dining,Bromeliad,"This elegant outdoor dining arrangement showcases a natural beige rattan construction with a glass-topped square table and four matching chairs. The traditional woven pattern adds texture and visual interest, while the lightweight yet sturdy design offers both comfort and practicality for outdoor dining."
177,,Outdoor,Outdoor dining,Canna,"This contemporary dining set combines white aluminum frames with warm teak-style slats, creating a clean and sophisticated look. The square table and four matching chairs feature a perfect blend of materials that offer both weather resistance and classic appeal, ideal for modern outdoor spaces."
178,,Outdoor,Outdoor dining,Chenille,"This sophisticated outdoor dining set features a round glass-topped table surrounded by four coordinating chairs, all crafted in a subtle grey wicker finish. The curved design elements and woven texture create an elegant yet casual atmosphere perfect for outdoor entertaining or everyday use."
179,,Outdoor,Outdoor seating and Chairs,Clvia,"A luxurious covered jhula featuring a sturdy metal frame with an elegant taupe canopy and mesh curtains, complete with comfortable seating and a built-in table, perfect for creating a cozy outdoor relaxation spot protected from the elements."
180,,Outdoor,Outdoor seating and Chairs,Frangipani,"A classic garden jhula with a brown weather-resistant canopy, featuring beautifully woven rattan seating with plush cushions supported by a robust metal frame, designed for gentle swaying while enjoying the outdoor atmosphere."
181,,Outdoor,Outdoor seating and Chairs,Heliconia,"A spacious three-seater garden jhula with a sturdy black metal frame and curved supports, showcasing a contemporary design. It features tan cushioned individual seats for added comfort, topped with a weather-resistant brown canopy and protective side panels for outdoor relaxation."
182,,Outdoor,Outdoor seating and Chairs,Lobster,"A compact two-seater garden jhula showcasing a minimalist black metal frame with clean, modern lines and elegant curves. Features a comfortable cushioned bench seat in beige, perfect for intimate outdoor seating. Crowned with a simple yet effective beige canopy that provides essential shade while maintaining a sleek, uncluttered appearance."
183,,Outdoor,Outdoor seating and Chairs,Lotus Outdoor Seater,"A classic three-seater garden jhula design with a robust black metal frame and extended support structure. Distinguished by its plush, tufted bench-style seating in tan upholstery with decorative button details. Topped with a dark-colored structured canopy that offers superior sun protection and adds a touch of sophistication to outdoor spaces."
184,,Outdoor,Outdoor seating and Chairs,Medinille,"An elegant garden jhula with a Victorian-inspired silver frame, decorative scrollwork, and gentle curved supports. It features a plush tufted beige two-seater bench with matching cushions, topped with a scalloped tan canopy for a romantic outdoor touch."
185,,Outdoor,Outdoor seating and Chairs,Passionflower,"A modern double-seater garden jhula with innovative split-seat design featuring individual curved canopies for personalized shade. The sophisticated black frame curves gracefully to support two independent tan-colored seats, offering personal space for each user. Perfect for contemporary outdoor settings with its unique silhouette that combines functionality with artistic design elements."
186,,Outdoor,Outdoor seating and Chairs,Aster,"A timeless garden jhula design featuring a sturdy black metal frame with graceful curved supports and clean lines. The generous bench seat comes upholstered in neutral tan fabric with subtle tufting for classic appeal and optimal comfort. Crowned with a coordinating tan canopy with gentle pleats, providing essential shade while maintaining an elegant outdoor presence."
187,,Outdoor,Outdoor seating and Chairs,Aubrieta,"This modern Eames-style side chair features a light blue molded plastic seat with an ergonomic design. It sits on natural wooden legs with black metal cross-supports, blending mid-century style with contemporary simplicity, perfect for dining rooms, offices, or studios."
188,,Outdoor,Outdoor seating and Chairs,Mulberry Outdoor Seater,"This modern take on a classic Windsor chair features a sleek black spindle back for an elegant, airy look. The vertical slats add structure, while the two-tone design with natural wooden legs blends traditional and contemporary styles."
189,,Outdoor,Outdoor seating and Chairs,Begonia,"This contemporary monochromatic dining chair showcases a seamless, modern silhouette crafted entirely from durable molded plastic in a refreshing teal color. The chair's clean lines and subtle texture pattern create visual interest while maintaining a minimalist aesthetic, with an ergonomically designed seat and backrest that flow together in one continuous form. "
190,,Outdoor,Outdoor seating and Chairs,lizzie,"This sophisticated dining chair features a striking monolithic design in deep black, with a gracefully curved backrest that wraps partially around to create integrated armrests. The all-plastic construction maintains a sleek, unified appearance while providing durability and easy maintenance."
191,,Outdoor,Outdoor seating and Chairs,Fig,"This contemporary interpretation of a barrel chair combines traditional spindle-back styling with modern sensibilities, finished in a calming sage green that adds a fresh, natural touch. The chair successfully bridges classic and contemporary design elements, making it a versatile piece for both modern farmhouse and Scandinavian-inspired interiors."
192,,Outdoor,Outdoor seating and Chairs,Coneflower,"This vibrant dining chair features a playful geometric pattern in its backrest, with organic bubble-like cutouts creating a dynamic interplay of negative space. The coral-red hue makes a bold statement while the modern molded construction ensures durability and comfort."
193,,Outdoor,Outdoor seating and Chairs,Kiwi,"This statement piece combines mid-century modern influence with contemporary comfort, featuring a textured yellow shell seat with integrated armrests atop sleek black legs. The chair's honeycomb-like surface texture adds both visual and tactile interest while maintaining structural integrity. The contrasting base creates a sophisticated two-tone effect, while the curved form of the seat shell provides ergonomic support with a distinctly modern aesthetic."
194,,Outdoor,Outdoor seating and Chairs,Fuchsie,"This elegant outdoor dining chair features a sophisticated woven synthetic rattan pattern in classic black, creating a timeless yet contemporary aesthetic. The durable aluminum frame ensures weather resistance while maintaining a sleek profile, perfect for both patio and indoor-outdoor transitional spaces."
195,,Outdoor,Outdoor seating and Chairs,Avocado,"This contemporary bar stool combines a vibrant red seat with natural wooden legs, creating a striking balance between modern and Scandinavian design elements. The minimalist three-legged base provides stable support while maintaining a light visual footprint, making it an eye-catching accent piece for any modern kitchen or bar area."
196,,Outdoor,Outdoor seating and Chairs,Larkspur,"This sophisticated bar stool features a classic cane-woven backrest paired with a black frame, offering a perfect blend of traditional craftsmanship and modern design. The tall, slender silhouette is enhanced by the natural cane pattern, creating an elegant seating option that brings warmth and texture to contemporary spaces."
197,,Outdoor,Outdoor seating and Chairs,Lilacbush,"This stylish bar chair showcases a quilted cognac-colored upholstery with a distinctive diamond pattern, supported by black metal legs with eye-catching yellow accents. The comfortable curved seat and backrest combine with modern industrial elements to create a sophisticated piece that bridges casual and upscale design aesthetics."
198,,Outdoor,Outdoor seating and Chairs,Lily,"This charming rocking chair combines a soft pink quilted seat with mint green tubular metal frames, creating a delightful retro-modern aesthetic. The graceful curved runners and minimalist design make it a perfect statement piece for nurseries, living rooms, or covered porches where comfort meets contemporary style."
199,,Outdoor,Outdoor seating and Chairs,Marguerite,"This modern folding chair features a striking black and white chevron pattern woven into its durable synthetic material, creating a bold geometric statement. The sleek black metal frame offers both stability and portability, making it perfect for both indoor and outdoor gatherings while adding a contemporary touch to any space."
200,,Outdoor,Outdoor seating and Chairs,Mullein,"This bohemian-inspired rocking chair showcases a natural rope weave pattern in a warm beige tone, forming an elegant oval cocoon shape supported by a black metal frame. The modern interpretation of the classic Acapulco design combines comfort with style, featuring smooth rocking runners that make it an ideal piece for both indoor lounging and covered outdoor spaces."
201,,Outdoor,Outdoor seating and Chairs,Peony,This sophisticated dining chair combines olive green Leatherette upholstery with warm wooden arms and legs in a classic mid-century modern design. The thoughtful combination of materials and angular construction creates a comfortable yet stylish seating option that pays homage to vintage furniture while maintaining contemporary appeal.
202,,Outdoor,Outdoor seating and Chairs,Sweet alison,"This contemporary dining chair features a seamless coral-colored molded plastic construction with smooth, organic curves throughout its design. The monochromatic piece offers a minimalist yet playful approach to modern seating, with an ergonomic backrest that provides both comfort and style for everyday use."
203,,Outdoor,Outdoor Sofas,Mace,"This sophisticated sofa features rich tan Leatherette upholstery with clean, contemporary lines. The wide track arms and elevated wooden legs create an airy, modern silhouette. The plush cushioning and generous proportions offer both style and comfort, perfect for a modern living space."
204,,Outdoor,Outdoor Sofas,Tickseed,"This striking navy blue sofa combines classic tufting with modern design elements. The deep channel-tufted seat and sleek metal base create a floating effect, while decorative throw pillows add casual comfort. The architectural frame makes it an ideal centerpiece for contemporary interiors."
205,,Outdoor,Outdoor Sofas,Vervain,"This elegant grey velvet sofa features a timeless silhouette with gently sloped arms and tapered wooden legs. The plush, cloud-like cushioning and soft velvet upholstery create an inviting seating experience, while the neutral grey tone ensures versatility in any interior design scheme."
206,,Outdoor,Outdoor Sofas,Petal & Pine,"This charming light blue sofa showcases classic mid-century modern design with its clean lines and wooden frame. The exposed oak arms and frame create architectural interest, while the comfortable cushions in a serene blue fabric add a contemporary touch to the retro-inspired design."
207,,Outdoor,Outdoor Sofas,"Zen Bloom
","The Mustard Velvet RetroThis eye-catching sofa combines vintage charm with modern comfort in rich mustard velvet upholstery. The curved arms and black tapered legs echo mid-century aesthetics, while the plush cushioning and generous proportions ensure modern-day comfort and style."
208,,Outdoor,Outdoor Sofas,Willow Nest,"This bold curved sofa makes a dramatic statement with its sweeping asymmetrical design in rich crimson velvet. The seamless wraparound form and metallic legs create an architectural presence while offering intimate, cocooning comfort."
209,,Outdoor,Outdoor Sofas,"Oak 
",Clean lines and a sophisticated silhouette define this terra cotta sofa with its gently angled arms and plush cushioning. The slender black legs and tailored upholstery strike a perfect balance between mid-century inspiration and modern minimalism.
210,,Outdoor,Outdoor Sofas,Azalea Aesthetic,"Wrapped in sumptuous caramel velvet, this three-seater sofa radiates warmth and timeless elegance. The gracefully tapered brass legs and generous proportions blend Scandinavian simplicity with luxurious comfort."
,,Outdoor,Outdoor Sofas,Jasmine Outdoor Sofa,"This inviting blush pink sofa combines Scandinavian simplicity with soft, feminine charm. The clean-lined silhouette features rounded bolster pillows and natural wooden legs for a fresh, contemporary take on casual elegance."
,,Outdoor,Outdoor Sofas,Lavender Outdoor Sofa,Understated luxury defines this dove grey velvet sofa with its deep cushioning and refined proportions. The natural wooden legs and relaxed silhouette create an effortlessly chic piece that bridges classic and contemporary styles.
,,Outdoor,Outdoor Sofas,Marigold Outdoor Sofa,"This sophisticated sofa showcases elegant button tufting across plush rose velvet upholstery. The tapered wooden legs and bolster pillows blend retro charm with modern comfort, while the structured silhouette offers timeless appeal."
,,Outdoor,Outdoor Sofas,Azalea Outdoor Sofa,Clean lines and understated luxury define this greige velvet sofa with its minimalist profile and generous proportions. The black metal legs and squared-off arms create a contemporary statement piece that's both refined and inviting.
,,Outdoor,Outdoor Sofas,Bluebell Outdoor Sofa,This cheerful yellow sofa brings a burst of mid-century optimism with its curved organic form and angled wooden legs. The tufted back and matching throw pillows create a playful yet sophisticated seating solution perfect for modern spaces.
,,Outdoor,Outdoor Sofas,Snowdrop Outdoor Sofa,"A contemporary take on the classic wing-back design, this slate grey sofa features a gracefully curved high back and sleek metal legs. The tailored upholstery and generous cushioning strike an elegant balance between drama and comfort."
,,Outdoor,Outdoor Sofas,Wisteria Outdoor Sofa,This timeless Leatherette Chesterfield sofa showcases deep button tufting and rolled arms in rich cognac leather. The traditional craftsmanship with brass nail head trim and deep diamond quilting represents the epitome of British luxury furniture design.
,,Outdoor,Outdoor Sofas,Primrose Outdoor Sofa,Clean lines and architectural simplicity define this contemporary cream sofa with its cubic form and slim metal legs. The tailored upholstery and precise proportions create a sophisticated statement piece that embodies modern design principles.
,,Outdoor,Outdoor Sofas,Carnation Outdoor Sofa,"This relaxed plum-colored sofa features oversized scatter cushions and a deep, comfortable seat depth. The casual linen upholstery and sleek metal legs create an inviting blend of comfort and contemporary style."
,,Outdoor,Outdoor Sofas,Cherry ,"Sleek and structured, this charcoal grey sofa features distinctive chrome side panels and clean geometric lines. The modern industrial aesthetic is softened by plush cushioning, making it perfect for contemporary urban spaces."
,,Outdoor,Outdoor Sofas,Amaryllis Outdoor Sofa,This mustard yellow sofa with crisp white piping offers a fresh take on casual luxury. The contrast welting and generous cushioning create a resort-inspired piece that brings sophisticated comfort to any living space.
,,Study,Chairs ,Protea,"A sophisticated navy ribbed fabric chair with clean lines and wooden base, combining contemporary design with executive comfort. The structured armrests and high back create an authoritative yet welcoming seating solution."
,,Office,Visitor chair,Lotus visitor chair,This sleek charcoal armchair features a refined silhouette with tapered legs and straight lines. The understated elegance of its velvet upholstery and slim profile makes it perfect for modern dining spaces.
,,Office,waiting chair,Anemone waiting chair,A graceful barrel chair upholstered in soft dusty rose fabric with dark wood frame detailing. The curved back and traditional form create an intimate seating experience with a contemporary color twist.
,,Office,Visitor chair,Freesia visitor chair,"A playful two-tone lounge chair featuring rose bouclé and cream upholstery, supported by natural oak legs. The embracing curved design offers both visual interest and ergonomic comfort."
,,Office,Visitor chair,Zinnia,A sophisticated black accent chair with diamond-quilted detailing on the back and plush seat cushioning. The angled metal legs and curved silhouette create a perfect balance of comfort and modern style.
,,Office,Visitor chair,Tuberose,This elegant dining chair features a gently curved back in warm beige upholstery with walnut-stained legs. The angled seat and ergonomic design create a perfect balance of comfort and minimalist style.
,,Study,Chair,Calla Lily,A charming café-style chair with cognac Leatherette upholstery and natural wood frame. The simple backrest and clean lines evoke vintage European bistro furniture with modern functionality.
,,Study,Chair,Sweet Pea,"A refined dining chair featuring sleek grey upholstery and dark wooden legs. The tall, linear backrest and minimalist profile make it an ideal choice for contemporary dining spaces."
,,Office,Visitor chair,Morning Glory,A sophisticated armchair combining camel and cream textiles with wooden legs. The subtle two-tone design and curved armrests create an inviting seating solution with transitional appeal.
,,Study,Chair,Cosmos,"A light blue accent chair with natural wooden frame and arms, embodying classic mid-century modern design. The geometric simplicity and pastel hue create a perfect blend of retro and contemporary aesthetics."
,,Living,Tables,Wildflower,"A striking round coffee table featuring warm oak veneer top and geometric black metal base. The X-frame support creates architectural interest while maintaining a clean, modern aesthetic."
,,Living,Tables,Hollyhock,An elegant square coffee table combining grey marble-effect top with rose gold frame. The sophisticated cross-base design and premium materials create a statement piece for contemporary spaces.
,,Living,Tables,Lupine,A dramatic round coffee table with black marble-effect surface and sleek hairpin legs. The combination of rich textures and minimalist industrial design makes for a bold centerpiece.
,,Living,Tables,Fairy Primrose,A sculptural round coffee table in natural birch with raised edges forming a practical tray top. The angled legs and organic form exemplify Scandinavian design principles.
,,Living,Tables,Rosemary Bloom,A refined coffee table featuring a grey concrete-effect top balanced on solid oak legs. The mix of materials and gentle curves create a perfect harmony of modern and natural elements.
,,Living,Tables,Jade Vine,A masterfully crafted round dining table featuring solid oak construction with uniquely angled legs that create a dynamic geometric base. The natural wood grain and architectural design blend Japanese minimalism with Scandinavian functionality.
,,Living,Tables,Flame Lily,A playful and compact side table in vibrant coral red with softly rounded corners. The monochromatic design and retro-inspired silhouette bring a cheerful pop of color to modern living spaces.
,,Living,Tables,Blood Lily,A sophisticated round coffee table combining natural oak veneer top with polished chrome cross-base. The intersection of warm wood and sleek metal creates a perfect balance of contemporary and timeless design.
,,Living,Tables,Fire Lily,A mid-century inspired round coffee table in rich walnut with three sculptural legs. The organic forms and warm wood tones showcase the beauty of traditional craftsmanship with modern sensibilities.
,,Living,Tables,Parrot's Beak,A crisp white round coffee table with natural beech legs set at an elegant angle. The clean lines and bright finish epitomize Scandinavian design's emphasis on lightness and simplicity.
,,Living,Tables,Blue Poppy,A stunning blend of natural wood top and brushed metal circular base creates an elegant industrial aesthetic. The floating design and mixed materials make this coffee table a striking centerpiece for modern living spaces.
,,Living,Tables,Black Bat Flower,A sophisticated coffee table featuring a warm wooden top suspended within a sleek black metal frame. The circular design and airy base create an illusion of floating elegance perfect for contemporary interiors.
,,Living,Tables,Crocus Table,An elegant oval coffee table combining a concrete-look top with natural oak legs in a mid-century modern silhouette. The organic form and mixed materials create a perfect balance of warmth and industrial chic.
,,Living,Tables,Silver Bush,A bold rectangular coffee table in deep matte black with angular legs that create dramatic lines. The monolithic design and architectural elements make a powerful statement in modern spaces.
,,Living,Pouffers,Sea Thrift,"A trio of modern poufs with elegant pleated detailing in orange, charcoal, and cream. The soft, structured pleating creates a sculptural effect that makes these poufs both decorative and functional seating options."
,,Living,Pouffers,Windflower,A generously sized circular pouf in neutral beige upholstery featuring classic button tufting throughout. Its substantial size makes it perfect as a centerpiece ottoman or extra seating.
,,Living,Pouffers,Firecracker Flower,A petite pouf stool featuring a geometric-patterned fabric in soft pink with light wooden legs. The clean lines and minimal design reflect classic Scandinavian influence.
,,Living,Pouffers,Spring,"A luxurious cube-shaped pouf in rich emerald velvet with deep, diamond-pattern tufting creating a dramatic quilted effect. The plush design makes it an eye-catching accent piece."
,,Living,Pouffers,Moon Orchid,"A sophisticated round pouf in mustard yellow velvet with tufted detailing, set on a modern black and gold base. The combination creates a perfect blend of comfort and glamour."
,,Living,Pouffers,Angel's Wing,A luxurious square ottoman in rich navy velvet featuring deep button tufting in a diamond pattern across the entire surface. The generous proportions and plush upholstery make it a substantial statement piece.
,,Living,Pouffers,Alba Rose,A rectangular ottoman in charcoal velvet with clean lines and tapered wooden legs. The minimalist design and combination of dark upholstery with light wood reflects classic mid-century modern aesthetics.
,,Living,Pouffers,Imperial,"A vibrant hot pink circular pouf with traditional button tufting creating a plush, quilted surface. The bold color choice makes it a playful accent piece."
,,Living,Pouffers,Delphinium,"A sophisticated cube-shaped ottoman in black Leatherette with precise grid tufting and a wooden base trim. The geometric pattern and luxe materials create an elegant, modern look."
,,Living,Pouffers,Dutchman's Pipe,A round ottoman in deep forest green velvet with traditional tufting across the top surface. The rich jewel tone and classic design make it a versatile piece that bridges traditional and contemporary styles.
,,Study,Study Tables,Epiphyllum,This classic school desk features a natural wood top surface paired with a sturdy light gray metal frame. The attached chair with wooden seat and backrest offers a timeless design that's been a classroom staple for generations.
,,Study,Study Tables,Fairy Duster,"A contemporary take on student seating with its sleek light gray frame and integrated desk surface. The ergonomic plastic chair component provides comfort while maintaining a clean, minimalist aesthetic."
,,Study,Study Tables,Blossom,This modern desk unit combines a navy blue metal frame with a light-toned desktop surface. The matching chair features a curved design that balances style with classroom functionality.
,,Study,Study Tables,Holly,A vibrant blue double-seat configuration featuring molded plastic chairs and an adjustable-height desktop. The modern design emphasizes durability and flexibility for collaborative learning environments.
,,Study,Study Tables,Sage,"This streamlined desk features a clean white frame with a built-in storage shelf beneath the desktop. The matching molded plastic chair in light gray creates a cohesive, modern learning station."
,,Study,Study Tables,Zinnia Study Table,This contemporary double desk features a sleek gray metal frame with a durable laminate top. The integrated bookshelf and ergonomic design create an efficient workspace for two students.
,,Study,Study Tables,Calla,A modern double desk system with light blue trim details and a spacious work surface. The matching chairs feature a comfortable curved design with metal frames for durability and stability.
,,Study,Study Tables,Winter Aconite Study Table,This traditional double desk combines a robust gray frame with a beige desktop and seating. The sturdy construction and practical design make it ideal for focused learning environments.
,,Study,Study Tables,Star Jasmine,A sophisticated desk set featuring a deep navy blue frame and gray plastic seating. The built-in storage shelf and clean lines create a professional learning environment perfect for older students.
,,Study,Study Tables,SpiderLily,This innovative curved desk design creates a collaborative learning space with its semi-circular shape. The bright blue chairs and white tabletop offer a welcoming environment perfect for group activities and interactive learning.
,,Study,Study Tables,Shooting Star,A vibrant kid-sized activity table featuring a clean white surface and cheerful green chairs. The round design encourages collaborative play and learning while providing ample space for creative activities and educational materials.
,,Study,Study Tables,Mountain Laurel,"This rectangular activity table sports energetic yellow chairs and a pristine white tabletop. The spacious design accommodates multiple children comfortably, making it perfect for group activities, art projects, and interactive learning sessions."
,,office,Work Tables,Tetra,"A sleek dark wood desk with clean lines and a single drawer, perfect for a minimalist home office setup. The geometric wall art and potted plant create a balanced, contemporary workspace aesthetic."
,,office,Work Tables,Titan,A sophisticated dark wood desk featuring a locking cabinet and metallic hardware accents. The teal abstract triptych artwork and indoor plant add a calming yet professional atmosphere.
,,Study,Study Tables,Silva,A space-efficient dark wood desk with a simple design and convenient side storage nook. Perfect for small spaces while maintaining functionality and modern style.
,,Study,Study Tables,Auro,A full-width dark wood desk with an integrated cabinet and clean lines throughout. The minimalist design offers ample workspace while maintaining a sleek profile.
,,Study,Study Tables,Enso,"A comprehensive dark wood workstation featuring a full-height storage cabinet, multiple shelves, and dedicated workspace. The integrated design combines storage and functionality in a modern package."
,,Study,Study Tables,Flow,"A sophisticated desk combining dark wood with white drawers, set against a striking botanical wallpaper. The geometric artwork and potted plant create a balanced, modern workspace with a natural touch."
,,Study,Study Tables,Noir,"A comprehensive workstation in dark wood featuring a tall storage cabinet, multiple shelves, and a dedicated laptop space. Perfect for those needing extensive storage and organization in their home office."
,,Study,Study Tables,Bloom,"A creative design featuring a dark wood desktop with a distinctive white storage column. The bold striped wallpaper background complements its contemporary aesthetic, while the open shelving provides accessible storage space."
,,Storage,TV Units,Vera,"A stylish entertainment unit featuring dark wood with white accents, supported by angled black legs. The design includes open shelving and cabinet storage, perfect for media components and decor items."
,,Storage,TV Units,Rubrio,"A modern entertainment center in warm wood tones with geometric compartments. The asymmetrical design provides both open shelving and storage spaces, ideal for displaying plants and electronics."
,,Storage,TV Units,Rafa,"A sophisticated wall-mounted entertainment center combining dark wood with white drawers against a luxurious geometric marble-patterned wall. Features vertical storage, display shelving, and ample space for media equipment."
,,Storage,Shoe Rack,Sun Stone,"A space-efficient shoe storage solution with a white drawer top and dark wood body. The cabinet includes multiple shelves behind doors, perfect for organizing footwear in an entryway."
,,Storage,Shoe Rack,Opal,"A generous shoe organizer in dark wood featuring both enclosed cabinet space and open shelving. The design includes a top surface for decorative items and practical storage, with a modern yet functional aesthetic."
,,Storage,Shoe Rack,Netra,"Each piece demonstrates thoughtful design that balances storage needs with contemporary style, using contrasting materials and clean lines to create visually appealing furniture solutions."
,,Storage,Dressing Table,Starlight,"A sleek, modern shoe storage solution with white doors and dark wood frame. Perfect for entryways, it offers discreet storage while maintaining a minimalist aesthetic."
,,Storage,Dressing Table,Fabia,A traditional dressing table in rich walnut finish with a full-length mirror and matching stool. Features a single drawer for storage and elegant proportions suitable for any bedroom.
,,Storage,Dressing Table,Aspen,"A space-saving dressing unit with full-length mirror and built-in storage drawer. The tall, slim design maximizes vertical space while providing both functionality and style."
,,Living,Sofas,Sera,A sophisticated brown Leatherette sectional with tufted cushioning and contemporary angled legs. The L-shaped design offers generous seating while the mid-century modern styling adds elegance to any living space.
,,Living,Sofas,Yana,"A striking navy blue L-shaped sofa featuring clean lines and grid-tufted upholstery. The modern design combines comfort with style, supported by sleek black legs and finished with precise quilting details."
,,Living,Sofas,Mocha,"A refined taupe sofa with subtle button tufting and clean architectural lines. The elevated design sits on slim metal legs, offering a perfect blend of modern simplicity and classic comfort."
,,Living,Sofas,Zelena,"A coordinated three-piece suite in rich forest green featuring grid-tufted detailing. Includes a sofa and two matching armchairs, all supported by dark wooden legs for a cohesive contemporary look."
,,Living,Sofas,Manika,"An elegant three-piece ensemble in soft blush pink velvet with diamond tufting. Features a curved silhouette sofa and matching armchairs, all resting on golden tapered legs for a luxurious finish."
,,Living,Wing Chair,Verda,"A sophisticated wingback armchair featuring a whimsical botanical print in seafoam green and teal tones, set against warm lighting with modern glass pendant lamps and black accent furniture."
,,Living,Recliners,Raven,"A contemporary recliner chair upholstered in soft charcoal gray velvet with channel tufting and overstuffed cushioning, paired with a traditional floor lamp and side table for classic elegance."
,,Living,Recliners,Zelda,"A classic power recliner wrapped in rich burgundy Leatherette showcasing clean lines and plush cushioning, positioned in a sunny room with hardwood floors and warm orange drapes."
,,outdoor,sun loungers,Mexican Sunflower,A premium 10-foot cantilever umbrella in warm beige with a sturdy black aluminum frame and cross base. Features an easy-tilt mechanism for adjustable shade coverage.
,,Living,Tables,Mignonette,A minimalist black round side table with a raised lip edge and three angled legs. The simple yet elegant design makes it perfect for contemporary living spaces as an accent piece or drink table.
,,Living,Tables,Milkweed,A durable outdoor dining table featuring a tempered glass top with a black metal frame and sturdy legs. The spacious design and robust construction 
,,Living,Tables,Laurel,"A contemporary square table with a black top and natural wooden legs, embodying the minimalist Scandinavian design aesthetic"
,,Living,Tables,Nemesia,A unique round coffee table with a striking food-themed print on the top surface and wooden legs. The creative design featuring coffee beans and pastry imagery makes it a conversation-starting centerpiece for any living room.
,,living,bean bag,"Leopard Lily
","Premium brown and black Leatherette bean bag, durable, stylish, ergonomic, lightweight, and ultra-comfortable—perfect for lounging, gaming, or relaxing anywhere."
,,living,bean bag,King's Spear,"Classic brown bean bag, stylish, durable, and ultra-comfortable. Perfect for lounging, reading, gaming, or relaxing in any space."
,,living,bean bag,Indian Paintbrush,"Faux Leatherette bean bag with beans and footrest, stylish, durable, and ultra-comfortable—perfect for lounging, gaming, and relaxing anytime."
,,Dining,Crockery Units,Chocolate Lily,"Martin Single Door Crockery Unit, stylish and durable, offers ample storage for crockery, glassware, and essentials, enhancing your dining space."
,,Dining,Crockery Units,Butterwort,Angel Furniture Contemporary Sheesham Wood Crockery Cabinet with Three Glass Doors and Versatile Storage - Honey Finish - Dining Room Sideboard
,,Dining,Crockery Units,Tansy,"Greyson Kitchen Cabinet, sleek and spacious, provides ample storage for kitchen essentials, ensuring organization, durability, and a modern aesthetic."
,,Dining,Crockery Units,Bellflower,"Modern crockery units, stylish and functional, offer ample storage for dinnerware, glassware, and essentials, enhancing your dining space with elegance."
,,Dining,Crockery Units,Mayapple,"Elegant two-tone crockery cabinet with glass-paneled doors, wooden accents, and spacious shelves for stylish storage of dinnerware and decor."
,,Dining,Crockery Units,Coral Bells,"Modern crockery cabinet with glass shelving, warm lighting, and sleek storage drawers, perfect for organizing and displaying dining essentials."
,,Dining,Crockery Units,Grevillea,"Contemporary crockery unit with open shelving and closed storage, combining elegance and functionality, perfect for organizing and displaying kitchenware.
,,Dining,Crockery Units,Rondeletia,"A vintage-style wooden crockery cabinet with intricate glass doors, offering an elegant and rustic touch to your home interiors."
,,Dining,Crockery Units,Scarlet,"A luxurious crockery display unit with LED lighting, open shelving, and closed storage, ideal for showcasing decor and fine dinnerware.  
"
,,Dining,Crockery Units,Shrimp," A modern wooden crockery unit with open shelves and glass cabinets, perfect for stylishly organizing dinnerware and kitchen essentials.  "
,,Bedroom, Bunker Beds,Silverbell,"A natural wooden bunk bed with built-in storage drawers, offering a minimalist and cozy design perfect for kids' or guest rooms.
"
,,Bedroom, Bunker Beds,Melampodium,"   A dreamy blue-and-white bunk bed with a house-style lower bed, decorative staircase drawers, and cozy aesthetics, making it perfect for kids' rooms."
,,Bedroom, Bunker Beds,Sea Lavender," A modern metal bunk bed with a loft-style upper bunk, integrated desk, and sturdy frame, ideal for space-saving in a stylish setting.
"
,,Bedroom, Bunker Beds,Echinops,"  A rustic wooden bunk bed with a twin-over-full design, featuring built-in storage drawers, perfect for maximizing space and functionality.
"
,,Bedroom, Bunker Beds,Paper Daisy," A modern metal bunk bed with a loft-style upper bunk, integrated desk, and sturdy frame, ideal for space-saving in a stylish setting.
"
,,Bedroom, Bunker Beds,Belladonna Lily,"   A charming white wooden bunk bed with built-in stairs, extra storage, and a spacious lower bed, perfect for comfort and convenience.
"
,,Bedroom, Bunker Beds,Satin Flower,"A sleek, modern grey bunk bed with built-in shelves and glow-in-the-dark staircase steps, offering functionality, safety, and a contemporary aesthetic."
,,Bedroom, Bunker Beds,Angelonia,"Wooden bunk bed with a natural finish, sturdy ladder, and cozy design, perfect for maximizing space in kids' bedrooms."
,,Bedroom, Bunker Beds,Kalanchoe,"Stylish gray bunk bed with a twin-over-full design, built-in ladder, and attached desk, perfect for modern and functional spaces."
,,Bedroom, Bunker Beds,Pincushion,"Charming white bunk bed with a twin-over-full design, sturdy staircase, and cozy style, perfect for kids' bedrooms or shared spaces."
,,Office,Office Boss Chairs ,Stephanotis,"Ergonomic office chair with a breathable mesh back, cushioned seat, adjustable height, and smooth-rolling wheels for optimal comfort."
,,Office,Office Boss Chairs ,Watsonia,"Ergonomic office chair with a breathable mesh back, cushioned seat, adjustable height, and smooth-rolling wheels for optimal comfort."
,,Office,Office Boss Chairs ,Baneberry,"Ergonomic office chair with a breathable mesh back, cushioned seat, adjustable height, and smooth-rolling wheels for optimal comfort."
,,Office,Office Boss Chairs ,Corncockle,"Modern black ergonomic office chair with breathable mesh backrest, headrest support, adjustable armrests, and a sleek chrome swivel base."
,,Office,Office Boss Chairs ,Scarlet Sage,"Sleek black and red gaming chair with ergonomic design, lumbar support, adjustable armrests, recline feature, and a sturdy swivel base."
,,Office,Office Boss Chairs ,Twinspur,"Compact charcoal office chair with adjustable height, ergonomic backrest, dual lever controls, cushioned seat, and a durable five-star base.
Sleek black and red gaming chair with ergonomic design, lumbar support, adjustable armrests, recline feature, and a sturdy swivel base."
,,Office,Office Boss Chairs ,Marshmallow,"Sleek black ergonomic office chair with breathable mesh backrest, adjustable headrest, foldable armrests, padded seat, and sturdy wheelbase."
,,Office,Office Boss Chairs ,Woolflower,"Stylish ergonomic mesh office chair featuring breathable backrest, padded seat, adjustable height, sturdy metal base, and smooth-rolling casters.
"
,,Office,Office Boss Chairs ,Bearberry,"Elegant tan Leatherette swivel chair with ribbed design, padded armrests, sleek chrome base, perfect for modern offices or studies."
,,Office,Office Boss Chairs ,Bellwort,"Luxurious high-back executive chair with plush padding, ergonomic design, chrome accents, adjustable height, and smooth-rolling casters for comfort."
,,Office,Office Waiting Chairs,Trillium,"Durable three-seater metal bench with perforated backrest, ergonomic armrests, and sturdy legs, ideal for waiting areas or offices.
"
,,Office,Office Waiting Chairs,Alpine,"Sleek black visitor chair with padded seat, stitched detailing, chrome legs, and sturdy armrests, perfect for office or reception use."
,,Office,Office Waiting Chairs,Fernleaf,"Set of two sleek black office guest chairs with padded seats, durable metal frames, ergonomic armrests, and modern design."
,,Office,Office Waiting Chairs,Turtlehead,"Elegant office waiting room seating set with wooden frames, red cushioned seats, ergonomic armrests, and integrated table for convenience."
,,Office,Office Waiting Chairs,Cinquefoil,"Sleek black Leatherette office chairs with a boxy design, cushioned seats, sturdy metal legs, and minimalist style for modern spaces.
"
,,Office,Office Waiting Chairs,Fumewort,"Modern three-seater metal bench with sleek silver frame, black cushioned seats, ergonomic armrests, and durable design for office spaces."
,,Office,Office Waiting Chairs,Celandine,"Contemporary three-seater bench with lime green ribbed cushions, sleek chrome armrests, and a sturdy black metal frame for modern offices."
,,Office,Office Waiting Chairs,Dutch Iris,"Stylish waiting room set with brown cushioned chairs, sleek metal frames, wooden armrests, and a matching wooden coffee table."
,,Office,Office Waiting Chairs,Navelwort,"Stylish waiting room set with brown cushioned chairs, sleek metal frames, wooden armrests, and a matching wooden coffee table."
,,Office,Office Waiting Chairs,Coral Vine,"Modern waiting room with teal upholstered chairs featuring black metal frames, a minimalist black side table, and a light gray rug."
,,Outdoor,"Sun Loungers
",Red Valerian,"Comfortable folding lounge chair featuring a black and white houndstooth-patterned cushion, sturdy black metal frame, and adjustable backrest."
,,Outdoor,"Sun Loungers
","Sorrel
","Elegant wooden outdoor lounge chairs with beige cushions, set on a patio beside a lawn, perfect for relaxation and sunbathing."
,,Outdoor,"Sun Loungers
",Partridge Berry,"Modern adjustable sunlounger with a sleek black frame and comfortable dark gray cushion, ideal for poolside relaxation or outdoor lounging."
,,Outdoor,"Sun Loungers
",Scarlet Rosemallow,"Luxurious padded Sunlounger with adjustable backrest, armrests, and headrest, offering maximum comfort and ergonomic support for relaxation."
,,Outdoor,"Sun Loungers
","Bergenia
"," Stylish wooden sun lounger with curved ergonomic design, soft cushions, and natural aesthetics, perfect for relaxing indoors or outdoors."
,,Outdoor,"Sun Loungers
",Pine Lily,"Sleek, modern pool lounger with a curved metal frame, breathable mesh seat, and ergonomic design for ultimate relaxation by the water."
,,Outdoor,"Sun Loungers
",Velvetleaf,"Modern sun lounger with sleek black frame, weather-resistant cushions, adjustable recline, and minimalist design, perfect for poolside relaxation."
,,Outdoor,"Sun Loungers
",Camphorweed,"Lightweight lounger with bold yellow stripes, foldable design, adjustable shade canopy, and durable frame, ideal for beach relaxation."
,,Outdoor,"Sun Loungers
",Bluebeard," Ornate metal-framed lounge chair with plush cushions, striped accent pillows, rolling wheels, and classic scalloped design, perfect for outdoor relaxation."
,,Outdoor,"Sun Loungers
",Cassia," Ornate metal-framed lounge chair with plush cushions, striped accent pillows, rolling wheels, and classic scalloped design, perfect for outdoor relaxation."
,,Office,Cabin Tables ,Anigozanthos,"Spacious L-shaped desk with wood finish, built-in drawers, open shelves, and modern design, perfect for professional workspaces and organization."
,,Office,Cabin Tables ,Oncidium,"Sleek executive desk with a white top, wooden accents, integrated storage, cable management, and a minimalist, professional design."
,,Office,Cabin Tables ,Grecian Rose,"Elegant L-shaped workstation with a modern grey finish, ergonomic chairs, wall shelving, and integrated storage for a professional setup."
,,Office,Cabin Tables ,Berlandiera,"Sleek executive desk with walnut wood finish, white drawers, ergonomic chair, and panoramic views, perfect for modern workspaces."
,,Office,Cabin Tables ,Oxlip,"Contemporary walnut-finished desk with black metal legs, ergonomic mesh chair, attached storage, and clean design for stylish workspaces.
"
,,Office,Cabin Tables ,Coralberry,"Minimalistic wooden desk with a sturdy metal frame, rolling casters, perforated privacy panel, and versatile design for small spaces."
,,Office,Cabin Tables ,Zephyranthes,"Sleek wooden office desk with metal legs, spacious surface, modesty panel, and ergonomic design for professional workspaces."
,,Office,Cabin Tables ,Cardamine,"Ergonomic height-adjustable desk with sleek design, sturdy metal frame, spacious tabletop, perfect for both sitting and standing work."
,,Office,Cabin Tables ,Creeper,"Luxurious executive desk with contemporary design, premium wood finish, built-in storage, spacious surface, perfect for professional offices."
,,Office,Cabin Tables ,Uvularia,"Sophisticated L-shaped desk with wood finish, sturdy metal frame, spacious design, built-in storage, perfect for modern offices."
,,Mattress,King Size ,Leptospermum,"king size Premium Bonnell spring mattress offering superior comfort, durability, and support, with an elegant quilted design for a restful sleep."
,,Mattress,King Size ,Wood Betony,"King-size mattress with premium comfort, durable construction, breathable fabric, orthopedic support, and a luxurious sleep experience for ultimate relaxation."
,,Mattress,King Size ,Balsam,"King-size PU foam mattress offering superior comfort, durable design, excellent back support, pressure relief, breathable fabric, and a restful sleep experience."
,,Mattress,King Size ,Justicia,"King-size memory foam mattress with ergonomic support, pressure relief, motion isolation, breathable fabric, durable construction, and a luxurious sleep experience."
,,Mattress,King Size ,Plumbago,"King-size foam mattress with superior comfort, durable design, breathable fabric, orthopedic support, pressure relief, motion isolation, and a restful sleep experience.
"
,,Mattress,King Size ,Crinum Lily,"King-size cooling mattress with breathable fabric, advanced temperature regulation, pressure relief, motion isolation, ergonomic support, and a luxurious sleep experience."
,,Mattress,King Size ,Tasselflower,"King-size hybrid mattress with memory foam and pocket springs, offering superior comfort, pressure relief, motion isolation, breathability, and ergonomic support for restful sleep."
,,Mattress,King Size ,Cestrum,"King-size latex mattress with natural breathability, hypoallergenic properties, ergonomic support, pressure relief, motion isolation, and long-lasting durability for a restful sleep.
"
,,Mattress,King Size ,Jacobinia,"King-size polyfoam mattress with durable support, pressure relief, breathable fabric, motion isolation, lightweight design, and enhanced comfort for a restful sleep."
,,Mattress,King Size ,Melastoma,"King-size coil and spring mattress with excellent support, motion isolation, breathable fabric, pressure relief, durable construction, and enhanced comfort for restful sleep.
"
,,Mattress,Queen Size ,Barleria,"Queen Size  Premium Bonnell spring mattress offering superior comfort, durability, and support, with an elegant quilted design for a restful sleep."
,,Mattress,Queen Size ,"Galphimia
","Queen Size  mattress with premium comfort, durable construction, breathable fabric, orthopedic support, and a luxurious sleep experience for ultimate relaxation."
,,Mattress,Queen Size ,Sideritis,"Queen Size  PU foam mattress offering superior comfort, durable design, excellent back support, pressure relief, breathable fabric, and a restful sleep experience."
,,Mattress,Queen Size ,Indigofera,"Queen Size  memory foam mattress with ergonomic support, pressure relief, motion isolation, breathable fabric, durable construction, and a luxurious sleep experience."
,,Mattress,Queen Size ,Eustoma,"Queen Size  foam mattress with superior comfort, durable design, breathable fabric, orthopedic support, pressure relief, motion isolation, and a restful sleep experience.
"
,,Mattress,Queen Size ,Isotoma,"Queen Size  cooling mattress with breathable fabric, advanced temperature regulation, pressure relief, motion isolation, ergonomic support, and a luxurious sleep experience."
,,Mattress,Queen Size ,Melaleuca,"Queen Size  hybrid mattress with memory foam and pocket springs, offering superior comfort, pressure relief, motion isolation, breathability, and ergonomic support for restful sleep."
,,Mattress,Queen Size ,Salpiglossis,"Queen Size  latex mattress with natural breathability, hypoallergenic properties, ergonomic support, pressure relief, motion isolation, and long-lasting durability for a restful sleep.
"
,,Mattress,Queen Size ,Browallia,"Queen Size  polyfoam mattress with durable support, pressure relief, breathable fabric, motion isolation, lightweight design, and enhanced comfort for a restful sleep."
,,Mattress,Queen Size ,Clarkia,"Queen Size  coil and spring mattress with excellent support, motion isolation, breathable fabric, pressure relief, durable construction, and enhanced comfort for restful sleep.
"
,,Mattress,Single Bed ,Streptocarpus,"Single Bed  Premium Bonnell spring mattress offering superior comfort, durability, and support, with an elegant quilted design for a restful sleep."
,,Mattress,Single Bed ,Amsonia,"Single Bed  mattress with premium comfort, durable construction, breathable fabric, orthopedic support, and a luxurious sleep experience for ultimate relaxation."
,,Mattress,Single Bed ,Petasites,"Single Bed  PU foam mattress offering superior comfort, durable design, excellent back support, pressure relief, breathable fabric, and a restful sleep experience."
,,Mattress,Single Bed ,Monarda,"Single Bed memory foam mattress with ergonomic support, pressure relief, motion isolation, breathable fabric, durable construction, and a luxurious sleep experience."
,,Mattress,Single Bed ,Eucomis,"Single Bed   foam mattress with superior comfort, durable design, breathable fabric, orthopedic support, pressure relief, motion isolation, and a restful sleep experience.
"
,,Mattress,Single Bed ,Saxifraga,"Single Bed  cooling mattress with breathable fabric, advanced temperature regulation, pressure relief, motion isolation, ergonomic support, and a luxurious sleep experience."
,,Mattress,Single Bed ,Alyogyne,"Single Bed  hybrid mattress with memory foam and pocket springs, offering superior comfort, pressure relief, motion isolation, breathability, and ergonomic support for restful sleep."
,,Mattress,Single Bed ,Ageratum,"Single Bed   latex mattress with natural breathability, hypoallergenic properties, ergonomic support, pressure relief, motion isolation, and long-lasting durability for a restful sleep.
"
,,Mattress,Single Bed ,Nemastylis,"Single Bed   polyfoam mattress with durable support, pressure relief, breathable fabric, motion isolation, lightweight design, and enhanced comfort for a restful sleep.
"
,,Mattress,Single Bed ,Mitella,"Single Bed   coil and spring mattress with excellent support, motion isolation, breathable fabric, pressure relief, durable construction, and enhanced comfort for restful sleep.
"
,,Mattress,Double Bed,Penthorum,"Double-size hybrid mattress with a plush top layer, advanced support, pressure relief, and cooling features for enhanced comfort and restful sleep.
"
,,Mattress,Double Bed,Crocosmia,"Double-size mattress featuring a quilted top, robust coil support, breathable fabric, and a modern aesthetic for a truly restful sleep."
,,Mattress,Double Bed,Bauera,"Double Bed Premium Bonnell spring mattress offering superior comfort, durability, and support, with an elegant quilted design for a restful sleep."
,,Mattress,Double Bed,Arctotis,"Double Bed latex mattress with natural breathability, hypoallergenic properties, ergonomic support, pressure relief, motion isolation, and long-lasting durability for a restful sleep.
"
,,Mattress,Double Bed,Tylophora,"Double Bed polyfoam mattress with durable support, pressure relief, breathable fabric, motion isolation, lightweight design, and enhanced comfort for a restful sleep.
"
,,Mattress,Double Bed,Anthericum,"Double Bed foam mattress with superior comfort, durable design, breathable fabric, orthopedic support, pressure relief, motion isolation, and a restful sleep experience.
"
,,Mattress,Double Bed,Sandersonia,"Double Bed cooling mattress with breathable fabric, advanced temperature regulation, pressure relief, motion isolation, ergonomic support, and a luxurious sleep experience."
,,Mattress,Double Bed,Sparaxis,"Double Bed memory foam mattress with ergonomic support, pressure relief, motion isolation, breathable fabric, durable construction, and a luxurious sleep experience."
,,Mattress,Double Bed,Ajuga,"Double Bed mattress with premium comfort, durable construction, breathable fabric, orthopedic support, and a luxurious sleep experience for ultimate relaxation."
,,Mattress,Double Bed,Turnera,"Double Bed PU foam mattress offering superior comfort, durable design, excellent back support, pressure relief, breathable fabric, and a restful sleep experience."
,,Living,Bean Bag,Nestico,"Classic Cotton Printed Bean Bag – Ultra-Comfortable, Stylish Seating Filled with Premium Beans"
,,Living,Bean Bag,Zencush,Luxuriously Soft Furr Bean Bag – Pre-Filled with Premium Beans for Ultimate Comfort
